﻿<?xml version="1.0" encoding="utf-8"?>
<window>
  <controls>
<control>
      <description>Fanart Background #1</description>
      <type>image</type>
      <id>60</id>
      <posY>0</posY>
      <posX>0</posX>
      <width>1920</width>
      <height>1080</height>
      <texture>#Fanart.1</texture>
      <animation effect="fade" time="1200">visible</animation>
      <animation effect="fade" time="1200" delay="300">hidden</animation>
    </control>
    <control>
      <description>Fanart Background #2</description>
      <type>image</type>
      <id>61</id>
      <posY>0</posY>
      <posX>0</posX>
      <width>1920</width>
      <height>1080</height>
      <texture>#Fanart.2</texture>
      <animation effect="fade" time="1200">visible</animation>
      <animation effect="fade" time="1200" delay="300">hidden</animation>
    </control>


    <control>
      <description>background listview</description>
      <type>image</type>
      <id>0</id>
      <posX>0</posX>
      <posY>0</posY>
      <width>1920</width>
      <height>1080</height>
      <texture>fanart_overlay.png</texture>
      <animation effect="fade" time="250">WindowOpen</animation>
      <animation effect="fade" time="250">WindowClose</animation>
    </control>

	<control>
		<description>background listview</description>
		<type>image</type>
		<id>0</id>
		<posX>0</posX>
		<posY>175</posY>
		<width>1900</width>
		<height>870</height>
		<texture>panel_tv.png</texture>	
		<animation effect="fade" time="250">WindowOpen</animation>
		<animation effect="fade" time="250">WindowClose</animation>
	</control>

  <control>
      <id>0</id>
      <type>image</type>
      <posX>60</posX>
      <posY>34</posY>
      <width>108</width>
      <height>68</height>
      <texture>topbar_fullscreen_focus.png</texture>
      <animation effect="fade" time="250">WindowOpen</animation>
      <animation effect="fade" time="250">WindowClose</animation>
    </control>
  </controls>
</window>
