<?xml version="1.0" encoding="utf-8" standalone="yes"?>
<window>
	<id>730352</id>
	<defaultcontrol>901</defaultcontrol>
	<allowoverlay>yes</allowoverlay>
	<!-- define>#header.label:3</define -->
	<!-- define>#useSelectedFanart:Yes</define -->
	<define property="true" evaluateNow="true">#Skin.dialog.videoinfo.buttons.top:#(iif(and(or(plugin.isenabled('Trailers'),plugin.isenabled('OnlineVideos')),plugin.isenabled('Trakt')),300,360))</define>
	<controls>
		<control>
			<description>Fanart Background #1</description>
			<type>image</type>
			<id>60</id>
			<posY>0</posY>
			<posX>0</posX>
			<width>1920</width>
			<height>1080</height>
			<texture>#Fanart.1</texture>
			<animation effect="fade" time="1200">visible</animation>
			<animation effect="fade" time="1200" delay="300">hidden</animation>
		</control>
		<control>
			<description>Fanart Background #2</description>
			<type>image</type>
			<id>61</id>
			<posY>0</posY>
			<posX>0</posX>
			<width>1920</width>
			<height>1080</height>
			<texture>#Fanart.2</texture>
			<animation effect="fade" time="1200">visible</animation>
			<animation effect="fade" time="1200" delay="300">hidden</animation>
		</control>
		<control>
			<description>dummy button for backdrop display</description>
			<type>button</type>
			<id>456852</id>
			<label>-</label>
			<posX>0</posX>
			<posY>0</posY>
			<onup>901</onup>
			<ondown>901</ondown>
			<onleft>901</onleft>
			<onright>901</onright>
			<visible allowhiddenfocus="true">false</visible>
			<textcolor>FF000000</textcolor>
			<textcolorNoFocus>ffffffff</textcolorNoFocus>
		</control>
		<control>
			<description>right menu indicator</description>
			<id>0</id>
			<type>image</type>
			<posX>1890</posX>
			<posY>429</posY>
			<width>30</width>
			<height>149</height>
			<texture>basichome_nextpage_right.png</texture>
			<visible>control.hasfocus(456852)</visible>
			<animation effect="slide" start="60,0" end="0,0" tween="quadratic" easing="in" time="250" delay="0">visible</animation>
			<animation effect="slide" start="0,0" end="60,0" tween="quadratic" easing="in" time="250" delay="0">hidden</animation>
			<animation effect="fade" time="250">WindowOpen</animation>
			<animation effect="fade" time="250">WindowClose</animation>
		</control>
		<control>
			<description>left menu indicator</description>
			<id>0</id>
			<type>image</type>
			<posX>0</posX>
			<posY>429</posY>
			<width>30</width>
			<height>149</height>
			<texture>basichome_nextpage_left.png</texture>
			<animation effect="slide" start="-60,0" end="0,0" tween="quadratic" easing="in" time="250" delay="0">visible</animation>
			<animation effect="slide" start="0,0" end="-60,0" tween="quadratic" easing="in" time="250" delay="0">hidden</animation>
			<animation effect="fade" time="250">WindowOpen</animation>
			<animation effect="fade" time="250">WindowClose</animation>
		</control>
		<control>
			<description>panel details plot</description>
			<type>image</type>
			<id>0</id>
			<posX>10</posX>
			<posY>252</posY>
			<width>1903</width>
			<height>790</height>
			<texture>panel_thumbs_noinfo.png</texture>
			<visible>!Control.IsVisible(24)</visible>
			<animation effect="fade" time="250">WindowOpen</animation>
			<animation effect="fade" time="250">WindowClose</animation>
			<animation effect="fade" time="250" condition="!control.hasfocus(456852)">conditional</animation>
		</control>
		<control>
			<description>panel details actor/movies</description>
			<type>image</type>
			<id>0</id>
			<posX>10</posX>
			<posY>252</posY>
			<width>1903</width>
			<height>790</height>
			<texture>CSG_panel_video_actors.png</texture>
			<visible>Control.IsVisible(24)</visible>
			<animation effect="fade" time="250">WindowOpen</animation>
			<animation effect="fade" time="250">WindowClose</animation>
			<animation effect="fade" time="250" condition="!control.hasfocus(456852)">conditional</animation>
		</control>
		<control>
			<description>Poster shadow</description>
			<type>image</type>
			<id>1</id>
			<posX>105</posX>
			<posY>346</posY>
			<width>429</width>
			<height>613</height>
			<texture>list_poster_shadow.png</texture>
			<animation effect="fade" time="250">WindowOpen</animation>
			<animation effect="fade" time="250">WindowClose</animation>
			<animation effect="fade" time="250" condition="!control.hasfocus(456852)">conditional</animation>
		</control>
		<control>
			<type>image</type>
			<description>movie poster</description>
			<id>21</id>
			<posX>123</posX>
			<posY>360</posY>
			<width>379</width>
			<height>563</height>
			<texture>#thumb</texture>
			<animation effect="fade" time="250">WindowOpen</animation>
			<animation effect="fade" time="250">WindowClose</animation>
			<animation effect="fade" time="250" condition="!control.hasfocus(456852)">conditional</animation>
		</control>
		<control>
			<description>Button group</description>
			<type>group</type>
			<animation effect="fade" time="250">WindowOpen</animation>
			<animation effect="fade" time="250">WindowClose</animation>
			<posX>571</posX>
			<posY>820</posY>
			<layout>StackLayout(2, Vertical, true)</layout>
			<control>
				<description>Plot</description>
				<type>checkbutton</type>
				<id>901</id>
				<label>207</label>
				<font>font12</font>
				<textXOff>32</textXOff>
				<textYOff>12</textYOff>
				<onup>903</onup>
				<ondown>902</ondown>
				<onleft>456852</onleft>
				<onright>24</onright>
				<textcolor>FF000000</textcolor>
				<textcolorNoFocus>ffffffff</textcolorNoFocus>
				<animation effect="fade" time="250" condition="!control.hasfocus(456852)">conditional</animation>
			</control>
			<control>
				<description>Cast</description>
				<type>checkbutton</type>
				<id>902</id>
				<label>206</label>
				<font>font12</font>
				<textXOff>32</textXOff>
				<textYOff>12</textYOff>
				<onup>901</onup>
				<ondown>903</ondown>
				<onleft>456852</onleft>
				<onright>24</onright>
				<textcolor>FF000000</textcolor>
				<textcolorNoFocus>ffffffff</textcolorNoFocus>
				<animation effect="fade" time="250" condition="!control.hasfocus(456852)">conditional</animation>
			</control>
		</control>
		<control>
			<description>Movie Title value</description>
			<type>fadelabel</type>
			<id>1</id>
			<posX>1020</posX>
			<posY>322</posY>
			<width>800</width>
			<label>#title</label>
			<font>fontB20</font>
			<!-- textcolor>FF00b7ff</textcolor -->
			<shadowAngle>120</shadowAngle>
			<shadowDistance>2</shadowDistance>
			<shadowColor>FF000000</shadowColor>
			<visible>!Control.IsVisible(24)</visible>
			<animation effect="fade" time="250">WindowOpen</animation>
			<animation effect="fade" time="250">WindowClose</animation>
			<animation effect="fade" time="250" condition="!control.hasfocus(456852)">conditional</animation>
		</control>
		<control>
			<description>Tagline value</description>
			<type>fadelabel</type>
			<id>1</id>
			<posX>1020</posX>
			<posY>382</posY>
			<width>800</width>
			<label>#tagline</label>
			<font>fontB14</font>
			<!-- textcolor>FF00b7ff</textcolor -->
			<shadowAngle>120</shadowAngle>
			<shadowDistance>2</shadowDistance>
			<shadowColor>FF000000</shadowColor>
			<visible>!Control.IsVisible(24)</visible>
			<animation effect="fade" time="250">WindowOpen</animation>
			<animation effect="fade" time="250">WindowClose</animation>
			<animation effect="fade" time="250" condition="!control.hasfocus(456852)">conditional</animation>
		</control>
		<control>
			<description>Rating label</description>
			<type>label</type>
			<id>1</id>
			<label>#rating</label>
			<posX>1348</posX>
			<posY>433</posY>
			<width>240</width>
			<align>left</align>
			<font>fontB12</font>
			<textcolor>FF00b7ff</textcolor>
			<visible>!Control.IsVisible(24)+!Control.IsVisible(23)</visible>
			<animation effect="fade" time="250">WindowOpen</animation>
			<animation effect="fade" time="250">WindowClose</animation>
			<animation effect="fade" time="250" condition="!control.hasfocus(456852)">conditional</animation>
		</control>
		<control>
		<description>Vote label</description>
			<type>label</type>
			<id>1</id>
			<label>#votes</label>
			<posX>1448</posX>
			<posY>433</posY>
			<width>240</width>
			<align>left</align>
			<font>fontB12</font>
			<textcolor>FF00b7ff</textcolor>
			<visible>!Control.IsVisible(24)+!Control.IsVisible(23)</visible>
			<animation effect="fade" time="250">WindowOpen</animation>
			<animation effect="fade" time="250">WindowClose</animation>
			<animation effect="fade" time="250" condition="!control.hasfocus(456852)">conditional</animation>
		</control>
		<control>
			<type>imagelist</type>
			<id>1</id>
			<posX>1017</posX>
			<posY>435</posY>
			<width>315</width>
			<height>29</height>
			<textureWidth>32</textureWidth>
			<textureHeight>27</textureHeight>
			<subitems>
				<subitem>starblack.png</subitem>
				<subitem>starblue.png</subitem>
			</subitems>
			<orientation>horizontal</orientation>
			<align>left</align>
			<imagesToDraw>10</imagesToDraw>
			<percentage>#rating</percentage>
			<visible>!Control.IsVisible(24)+!Control.IsVisible(23)</visible>
			<animation effect="fade" time="250">WindowOpen</animation>
			<animation effect="fade" time="250">WindowClose</animation>
			<animation effect="fade" time="250" condition="!control.hasfocus(456852)">conditional</animation>
		</control>
		<control Style="textBoxDetails">
			<description>Plot value</description>
			<type>textboxscrollup</type>
			<id>20</id>
			<posX>1020</posX>
			<posY>470</posY>
			<height>480</height>
			<width>800</width>
			<onleft>2</onleft>
			<onright>2</onright>
			<onup>2</onup>
			<ondown>2</ondown>
			<label>#plot</label>
			<seperator>---------------------------------------------------------------------------------------------------------</seperator>
			<animation effect="fade" time="250">WindowOpen</animation>
			<animation effect="fade" time="250">WindowClose</animation>
			<animation effect="fade" time="250" condition="!control.hasfocus(456852)">conditional</animation>
		</control>
		<control Style="InfoLabelDetails">
			<description>Director</description>
			<type>label</type>
			<id>1</id>
			<label>Regisseur:</label>
			<posX>550</posX>
			<posY>350</posY>
			<visible>!Control.IsVisible(24)</visible>
			<animation effect="fade" time="250">WindowOpen</animation>
			<animation effect="fade" time="250">WindowClose</animation>
			<animation effect="fade" time="250" condition="!control.hasfocus(456852)">conditional</animation>
		</control>
		<control Style="InfoValueWide">
			<description>Director value</description>
			<type>fadelabel</type>
			<id>1</id>
			<label>#director</label>
			<posX>750</posX>
			<posY>350</posY>
			<width>280</width>
			<visible>!Control.IsVisible(24)</visible>
			<animation effect="fade" time="250">WindowOpen</animation>
			<animation effect="fade" time="250">WindowClose</animation>
			<animation effect="fade" time="250" condition="!control.hasfocus(456852)">conditional</animation>
		</control>
		<control Style="InfoLabelDetails">
			<description>Runtime</description>
			<type>label</type>
			<id>1</id>
			<label>Laufzeit:</label>
			<posX>550</posX>
			<posY>390</posY>
			<visible>!Control.IsVisible(24)</visible>
			<animation effect="fade" time="250">WindowOpen</animation>
			<animation effect="fade" time="250">WindowClose</animation>
			<animation effect="fade" time="250" condition="!control.hasfocus(456852)">conditional</animation>
		</control>
		<control Style="InfoValueWide">
			<description>Runtime value</description>
			<type>label</type>
			<id>1</id>
			<label>#runtime</label>
			<posX>750</posX>
			<posY>390</posY>
			<visible>!Control.IsVisible(24)</visible>
			<animation effect="fade" time="250">WindowOpen</animation>
			<animation effect="fade" time="250">WindowClose</animation>
			<animation effect="fade" time="250" condition="!control.hasfocus(456852)">conditional</animation>
		</control>		
		
		<control Style="InfoLabelDetails">
			<description>Genre</description>
			<type>label</type>
			<id>1</id>
			<label>Genre:</label>
			<posX>550</posX>
			<posY>470</posY>
			<width>280</width>
			<visible>!Control.IsVisible(24)</visible>
			<animation effect="fade" time="250">WindowOpen</animation>
			<animation effect="fade" time="250">WindowClose</animation>
			<animation effect="fade" time="250" condition="!control.hasfocus(456852)">conditional</animation>
		</control>
		<control Style="InfoValueWide">
			<description>Genre value</description>
			<type>fadelabel</type>
			<id>1</id>
			<label>#genre</label>
			<posX>750</posX>
			<posY>470</posY>
			<width>260</width>
			<visible>!Control.IsVisible(24)</visible>
			<animation effect="fade" time="250">WindowOpen</animation>
			<animation effect="fade" time="250">WindowClose</animation>
			<animation effect="fade" time="250" condition="!control.hasfocus(456852)">conditional</animation>
		</control>
		<!-- control Style="InfoLabelDetails">
			<description>Director</description>
			<type>label</type>
			<id>1</id>
			<label>Regisseur:</label>
			<posX>550</posX>
			<posY>510</posY>
			<visible>!Control.IsVisible(24)</visible>
			<animation effect="fade" time="250">WindowOpen</animation>
			<animation effect="fade" time="250">WindowClose</animation>
			<animation effect="fade" time="250" condition="!control.hasfocus(456852)">conditional</animation>
		</control>
		<control Style="InfoValueWide">
			<description>Director value</description>
			<type>label</type>
			<id>1</id>
			<label>#director</label>
			<posX>750</posX>
			<posY>510</posY>
			<visible>!Control.IsVisible(24)</visible>
			<animation effect="fade" time="250">WindowOpen</animation>
			<animation effect="fade" time="250">WindowClose</animation>
			<animation effect="fade" time="250" condition="!control.hasfocus(456852)">conditional</animation>
		</control -->
		<control Style="InfoLabelDetails">
			<description>Budget</description>
			<type>label</type>
			<id>1</id>
			<label>Budget:</label>
			<posX>550</posX>
			<posY>550</posY>
			<visible>!Control.IsVisible(24)</visible>
			<animation effect="fade" time="250">WindowOpen</animation>
			<animation effect="fade" time="250">WindowClose</animation>
			<animation effect="fade" time="250" condition="!control.hasfocus(456852)">conditional</animation>
		</control>
		<control Style="InfoValueWide">
			<description>Budget value</description>
			<type>label</type>
			<id>1</id>
			<label>#budget</label>
			<posX>750</posX>
			<posY>550</posY>
			<visible>!Control.IsVisible(24)</visible>
			<animation effect="fade" time="250">WindowOpen</animation>
			<animation effect="fade" time="250">WindowClose</animation>
			<animation effect="fade" time="250" condition="!control.hasfocus(456852)">conditional</animation>
		</control>
		<control Style="InfoLabelDetails">
			<description>Revenue</description>
			<type>label</type>
			<id>1</id>
			<label>Umsatz:</label>
			<posX>550</posX>
			<posY>590</posY>
			<visible>!Control.IsVisible(24)</visible>
			<animation effect="fade" time="250">WindowOpen</animation>
			<animation effect="fade" time="250">WindowClose</animation>
			<animation effect="fade" time="250" condition="!control.hasfocus(456852)">conditional</animation>
		</control>
		<control Style="InfoValueWide">
			<description>Revenue value</description>
			<type>label</type>
			<id>1</id>
			<label>#revenue</label>
			<posX>750</posX>
			<posY>590</posY>
			<visible>!Control.IsVisible(24)</visible>
			<animation effect="fade" time="250">WindowOpen</animation>
			<animation effect="fade" time="250">WindowClose</animation>
			<animation effect="fade" time="250" condition="!control.hasfocus(456852)">conditional</animation>
		</control>
		
		<control Style="InfoLabelDetails">
			<description>Release Date</description>
			<type>label</type>
			<id>1</id>
			<label>Released:</label>
			<posX>550</posX>
			<posY>670</posY>
			<visible>!Control.IsVisible(24)</visible>
			<animation effect="fade" time="250">WindowOpen</animation>
			<animation effect="fade" time="250">WindowClose</animation>
			<animation effect="fade" time="250" condition="!control.hasfocus(456852)">conditional</animation>
		</control>
		<control Style="InfoValueWide">
			<description>Release Date value</description>
			<type>label</type>
			<id>1</id>
			<label>#releaseDate</label>
			<posX>750</posX>
			<posY>670</posY>
			<visible>!Control.IsVisible(24)</visible>
			<animation effect="fade" time="250">WindowOpen</animation>
			<animation effect="fade" time="250">WindowClose</animation>
			<animation effect="fade" time="250" condition="!control.hasfocus(456852)">conditional</animation>
		</control>
		<control Style="InfoLabelDetails">
			<description>Original Title</description>
			<type>label</type>
			<id>1</id>
			<label>Orginaltitel:</label>
			<posX>550</posX>
			<posY>710</posY>
			<visible>!Control.IsVisible(24)</visible>
			<animation effect="fade" time="250">WindowOpen</animation>
			<animation effect="fade" time="250">WindowClose</animation>
			<animation effect="fade" time="250" condition="!control.hasfocus(456852)">conditional</animation>
		</control>
		<control Style="InfoValueWide">
			<description>Original Title value</description>
			<type>fadelabel</type>
			<id>1</id>
			<label>#orginalTitle</label>
			<posX>750</posX>
			<posY>710</posY>
			<width>260</width>
			<visible>!Control.IsVisible(24)</visible>
			<animation effect="fade" time="250">WindowOpen</animation>
			<animation effect="fade" time="250">WindowClose</animation>
			<animation effect="fade" time="250" condition="!control.hasfocus(456852)">conditional</animation>
		</control>
		<control>
			<description>Movie Title Plot view - blue panel</description>
			<type>fadelabel</type>
			<label>#title</label>
			<id>0</id>
			<posX>96</posX>
			<posY>998</posY>
			<align>left</align>
			<width>650</width>
			<font>fontB12</font>
			<textcolor>000000</textcolor>
			<visible>!Control.IsVisible(24)</visible>
			<animation effect="fade" time="250">WindowOpen</animation>
			<animation effect="fade" time="250">WindowClose</animation>
			<animation effect="fade" time="250" condition="!control.hasfocus(456852)">conditional</animation>
		</control>
		<control>
			<description>Information from TMDb</description>
			<type>fadelabel</type>
			<label>Informationen von TMDb</label>
			<id>0</id>
			<posX>1396</posX>
			<posY>998</posY>
			<align>left</align>
			<width>650</width>
			<font>TitanLight12</font>
			<textcolor>000000</textcolor>
			<visible>!Control.IsVisible(24)</visible>
			<animation effect="fade" time="250">WindowOpen</animation>
			<animation effect="fade" time="250">WindowClose</animation>
			<animation effect="fade" time="250" condition="!control.hasfocus(456852)">conditional</animation>
		</control>
		<control>
			<description>TMDb Logo</description>
			<type>image</type>
			<id>0</id>
			<posX>1771</posX>
			<posY>964</posY>
			<width>100</width>
			<height>100</height>
			<texture>ClickfinderSG_TMDbLogo.png</texture>
			<!-- visible>!Control.IsVisible(24)</visible -->
			<animation effect="fade" time="250">WindowOpen</animation>
			<animation effect="fade" time="250">WindowClose</animation>
			<animation effect="fade" time="250" condition="!control.hasfocus(456852)">conditional</animation>
		</control>
		<!--control Style="InfoLabelDetails">
			<description>Popularity</description>
			<type>label</type>
			<id>1</id>
			<label>Popularität:</label>
			<posX>550</posX>
			<posY>670</posY>
			<visible>!Control.IsVisible(24)</visible>
			<animation effect="fade" time="250">WindowOpen</animation>
			<animation effect="fade" time="250">WindowClose</animation>
			<animation effect="fade" time="250" condition="!control.hasfocus(456852)">conditional</animation>
		</control>
		<control Style="InfoValueWide">
			<description>Popularity value</description>
			<type>label</type>
			<id>1</id>
			<label>#popularity</label>
			<posX>750</posX>
			<posY>670</posY>
			<visible>!Control.IsVisible(24)</visible>
			<animation effect="fade" time="250">WindowOpen</animation>
			<animation effect="fade" time="250">WindowClose</animation>
			<animation effect="fade" time="250" condition="!control.hasfocus(456852)">conditional</animation>
		</control -->
		<!-- control><description>textarea</description><type>textbox</type><id>22</id><posX>1020</posX><posY>670</posY><height>240</height><width>750</width><onleft>2</onleft><onright>2</onright><onup>2</onup><ondown>2</ondown><label>#cast</label><spinWidth>18</spinWidth><spinHeight>16</spinHeight><spinPosX>1776</spinPosX><spinPosY>832</spinPosY><spinAlign>right</spinAlign><spinColor>FFFFFFFF</spinColor><animation effect="fade" time="250">WindowOpen</animation><animation effect="fade" time="250">WindowClose</animation><animation effect="fade" time="250" condition="!control.hasfocus(456852)">conditional</animation></control -->
		<!-- Actor View -->
		<control>
			<description>Movie Title Actor view</description>
			<type>fadelabel</type>
			<label>#title</label>
			<id>0</id>
			<posX>96</posX>
			<posY>998</posY>
			<align>left</align>
			<width>450</width>
			<font>TitanLight12</font>
			<textcolor>000000</textcolor>
			<visible>Control.IsVisible(24)</visible>
			<animation effect="fade" time="250">WindowOpen</animation>
			<animation effect="fade" time="250">WindowClose</animation>
			<animation effect="fade" time="250" condition="!control.hasfocus(456852)">conditional</animation>
		</control>
		<control Style="smallTitle">
			<description>Selected actor Label</description>
			<type>fadelabel</type>
			<id>1</id>
			<posX>510</posX>
			<posY>1015</posY>
			<label>#selecteditem</label>
			<visible>Control.IsVisible(24)</visible>
			<animation effect="fade" start="0" end="100" time="300" delay="350">WindowOpen</animation>
			<animation effect="fade" start="100" end="0" time="0" delay="0">WindowClose</animation>
			<animation effect="fade" time="250" condition="!control.hasfocus(456852)">conditional</animation>
		</control>
		<control>
			<description>Actor label</description>
			<type>label</type>
			<id>1</id>
			<label>344</label>
			<posX>1715</posX>
			<posY>998</posY>
			<font>TitanLight12</font>
			<align>right</align>
			<textcolor>000000</textcolor>
			<visible>Control.IsVisible(24)</visible>
			<animation effect="fade" time="250">WindowOpen</animation>
			<animation effect="fade" time="250">WindowClose</animation>
			<animation effect="fade" time="250" condition="!control.hasfocus(456852)">conditional</animation>
		</control>
		<control>
			<description>Actors/Cast List</description>
			<type>listcontrol</type>
			<id>24</id>
			<posX>1222</posX>
			<posY>360</posY>
			<height>610</height>
			<width>635</width>
			<onleft>901</onleft>
			<onright>901</onright>
			<scrollOffset>2</scrollOffset>
			<spinPosX>-2000</spinPosX>
			<spinPosY>680</spinPosY>
			<spinCanFocus>no</spinCanFocus>
			<unfocusedAlpha>255</unfocusedAlpha>
			<textcolor>ff85cffe</textcolor>
			<font>TitanLight12</font>
			<textvisible2>no</textvisible2>
			<textvisible3>no</textvisible3>
			<keepaspectratio>yes</keepaspectratio>
			<animation effect="fade" time="250">WindowOpen</animation>
			<animation effect="fade" time="250">WindowClose</animation>
			<animation effect="fade" time="250" condition="!control.hasfocus(456852)">conditional</animation>
		</control>
		<control Style="InfoLabelDetails">
			<description>Birthday Label</description>
			<type>label</type>
			<id>1</id>
			<label>Geburtstag:</label>
			<posX>550</posX>
			<posY>350</posY>
			<visible>Control.IsVisible(24)</visible>
			<animation effect="fade" time="250">WindowOpen</animation>
			<animation effect="fade" time="250">WindowClose</animation>
			<animation effect="fade" time="250" condition="!control.hasfocus(456852)">conditional</animation>
		</control>
		<control Style="InfoValueWide">
			<description>Birthday value</description>
			<type>label</type>
			<id>1</id>
			<label>#birthday</label>
			<posX>750</posX>
			<posY>350</posY>
			<visible>Control.IsVisible(24)</visible>
			<animation effect="fade" time="250">WindowOpen</animation>
			<animation effect="fade" time="250">WindowClose</animation>
			<animation effect="fade" time="250" condition="!control.hasfocus(456852)">conditional</animation>
		</control>
		<control Style="InfoLabelDetails">
			<description>Geburtsort Label</description>
			<type>label</type>
			<id>1</id>
			<label>Geburtsort:</label>
			<posX>550</posX>
			<posY>400</posY>
			<visible>Control.IsVisible(24)</visible>
			<animation effect="fade" time="250">WindowOpen</animation>
			<animation effect="fade" time="250">WindowClose</animation>
			<animation effect="fade" time="250" condition="!control.hasfocus(456852)">conditional</animation>
		</control>
		<control Style="InfoValueWide">
			<description>Geburtsort Value</description>
			<type>label</type>
			<id>1</id>
			<label>#placeOfBirth</label>
			<posX>750</posX>
			<posY>400</posY>
			<visible>Control.IsVisible(24)</visible>
			<animation effect="fade" time="250">WindowOpen</animation>
			<animation effect="fade" time="250">WindowClose</animation>
			<animation effect="fade" time="250" condition="!control.hasfocus(456852)">conditional</animation>
		</control>
		<control Style="textBoxDetails">
			<description>Actor Biography value</description>
			<type>textboxscrollup</type>
			<id>1</id>
			<posX>550</posX>
			<posY>475</posY>
			<height>320</height>
			<width>650</width>
			<!-- onleft>2</onleft><onright>2</onright><onup>2</onup><ondown>2</ondown -->
			<label>#biography</label>
			<visible>Control.IsVisible(24)</visible>
			<seperator>---------------------------------------------------------------------------------------------------------</seperator>
			<animation effect="fade" time="250">WindowOpen</animation>
			<animation effect="fade" time="250">WindowClose</animation>
			<animation effect="fade" time="250" condition="!control.hasfocus(456852)">conditional</animation>
		</control>
	</controls>
</window>