﻿<window>
  <controls>
	<!-- hidden_menu control -->    
 <control>
      <id>1</id>
      <type>image</type>
      <posX>0</posX>
      <posY>440</posY>
      <width>64</width>
      <height>199</height>
      <texture>hiddenmenu_tab.png</texture>      	  
	  <visible>!string.equals(#ShowHiddenMenu,)</visible>
      <animation effect="slide" start="-60,0" end="0,0" tween="quadratic" easing="in" time="250" delay="400">WindowOpen</animation>
      <animation effect="slide" start="0,0" end="-60,0" tween="quadratic" easing="in" time="250" delay="100">WindowClose</animation>
    </control>
    <control>
      <id>1</id>
      <type>image</type>
      <posX>858</posX>
      <posY>0</posY>
      <texture>hiddenmenu_tab_up.png</texture>
      <visible>!string.equals(#ShowHiddenMenu,) + Control.HasFocus(37)</visible>
      <animation effect="slide" start="0,-60" end="0,0" tween="quadratic" easing="in" time="250" delay="400">WindowOpen</animation>
      <animation effect="slide" start="0,0" end="0,-60" tween="quadratic" easing="in" time="250" delay="100">WindowClose</animation>
    </control>
    <control>
      <type>actiongroup</type>
      <description>action menu</description>
      <defaultcontrol>3</defaultcontrol>
      <onexit>37</onexit>
      <dimColor>00ffffff</dimColor>
      <buttonX>-460</buttonX>
      <buttonY>155</buttonY>
      <buttonwidth>499</buttonwidth>
      <buttonheight>1080</buttonheight>
      <control>
        <type>image</type>
        <id>0</id>
        <width>1920</width>
        <height>1080</height>
        <texture>semi_trans_back_hidden_menu.png</texture>
        <visible>!Control.HasFocus(37)+control.isvisible(37)</visible>
        <animation effect="fade" time="450">visible</animation>
        <animation effect="fade" time="400">hidden</animation>
      </control>
      <control>
        <type>image</type>
        <id>0</id>
        <posY>100</posY>
        <posX>0</posX>
        <width>612</width>
        <!-- height>1074</height -->
		<height>974</height>
        <texture>menu_bg.png</texture>
        <visible>!Control.HasFocus(37)+control.isvisible(37)</visible>
        <animation effect="fade" time="0">WindowClose</animation>
        <animation effect="slide" start="-150,0" time="100">visible</animation>
        <animation effect="fade" time="50">visible</animation>
        <animation effect="fade" time="0">hidden</animation>
      </control>
      <control>
        <description>Menu label</description>
        <type>label</type>
        <id>1</id>
        <posX>116</posX>
        <posY>200</posY>
        <!-- label>924</label -->
		<label>Views</label>
        <font>fontB16</font>
        <textcolor>393939</textcolor>
        <visible>!Control.HasFocus(37)+control.isvisible(37)</visible>
        <animation effect="fade" time="0">WindowClose</animation>
        <animation effect="slide" start="-150,0" time="100">visible</animation>
        <animation effect="fade" time="50">visible</animation>
        <animation effect="fade" time="0">hidden</animation>
      </control>
      <control>
        <type>group</type>
        <description>group element</description>
        <visible>!Control.HasFocus(37)+control.isvisible(37)</visible>
        <animation effect="fade" time="0">WindowClose</animation>
        <animation effect="slide" start="-150,0" time="100">visible</animation>
        <animation effect="fade" time="50">visible</animation>
        <animation effect="fade" time="0">hidden</animation>
        <posX>53</posX>
        <posY>275</posY>
        <layout>StackLayout(0, Vertical, true)</layout>         
        <control>
          <description>View1</description>
          <type>button</type>
          <id>91</id>
          <width>499</width>
          <height>69</height>
          <textureFocus>hiddenmenu_item_selected.png</textureFocus>
          <textureNoFocus>-</textureNoFocus>
          <textcolorNoFocus>ff393939</textcolorNoFocus>
          <label>View1</label>
          <onup>100</onup>
          <ondown>92</ondown>
          <onright>37</onright>
          <onleft>37</onleft>
          <textXOff>62</textXOff>
          <textYOff>16</textYOff>
        </control>
        <control>
          <description>View2</description>
          <type>button</type>
          <id>92</id>
          <width>499</width>
          <height>69</height>
          <textureFocus>hiddenmenu_item_selected.png</textureFocus>
          <textureNoFocus>-</textureNoFocus>
          <textcolorNoFocus>ff393939</textcolorNoFocus>
          <label>View2</label>
          <onup>91</onup>
          <ondown>93</ondown>
          <onright>37</onright>
          <onleft>37</onleft>
          <textXOff>62</textXOff>
          <textYOff>16</textYOff>
        </control>
		<control>
          <description>View3</description>
          <type>button</type>
          <id>93</id>
          <width>499</width>
          <height>69</height>
          <textureFocus>hiddenmenu_item_selected.png</textureFocus>
          <textureNoFocus>-</textureNoFocus>
          <textcolorNoFocus>ff393939</textcolorNoFocus>
          <label>View3</label>
          <onup>92</onup>
          <ondown>94</ondown>
          <onright>37</onright>
          <onleft>37</onleft>
          <textXOff>62</textXOff>
          <textYOff>16</textYOff>
        </control>
		<control>
          <description>View4</description>
          <type>button</type>
          <id>94</id>
          <width>499</width>
          <height>69</height>
          <textureFocus>hiddenmenu_item_selected.png</textureFocus>
          <textureNoFocus>-</textureNoFocus>
          <textcolorNoFocus>ff393939</textcolorNoFocus>        
          <onup>93</onup>
          <ondown>95</ondown>
          <onright>37</onright>
          <onleft>37</onleft>
          <textXOff>62</textXOff>
          <textYOff>16</textYOff>
        </control>
				<control>
          <description>View5</description>
          <type>button</type>
          <id>95</id>
          <width>499</width>
          <height>69</height>
          <textureFocus>hiddenmenu_item_selected.png</textureFocus>
          <textureNoFocus>-</textureNoFocus>
          <textcolorNoFocus>ff393939</textcolorNoFocus>          
          <onup>94</onup>
          <ondown>96</ondown>
          <onright>37</onright>
          <onleft>37</onleft>
          <textXOff>62</textXOff>
          <textYOff>16</textYOff>
        </control>
				<control>
          <description>View6</description>
          <type>button</type>
          <id>96</id>
          <width>499</width>
          <height>69</height>
          <textureFocus>hiddenmenu_item_selected.png</textureFocus>
          <textureNoFocus>-</textureNoFocus>
          <textcolorNoFocus>ff393939</textcolorNoFocus>          
          <onup>95</onup>
          <ondown>97</ondown>
          <onright>37</onright>
          <onleft>37</onleft>
          <textXOff>62</textXOff>
          <textYOff>16</textYOff>
        </control>
				<control>
          <description>View7</description>
          <type>button</type>
          <id>97</id>
          <width>499</width>
          <height>69</height>
          <textureFocus>hiddenmenu_item_selected.png</textureFocus>
          <textureNoFocus>-</textureNoFocus>
          <textcolorNoFocus>ff393939</textcolorNoFocus>          
          <onup>96</onup>
          <ondown>98</ondown>
          <onright>37</onright>
          <onleft>37</onleft>
          <textXOff>62</textXOff>
          <textYOff>16</textYOff>
        </control>
				<control>
          <description>View8</description>
          <type>button</type>
          <id>98</id>
          <width>499</width>
          <height>69</height>
          <textureFocus>hiddenmenu_item_selected.png</textureFocus>
          <textureNoFocus>-</textureNoFocus>
          <textcolorNoFocus>ff393939</textcolorNoFocus>          
          <onup>97</onup>
          <ondown>101</ondown>
          <onright>37</onright>
          <onleft>37</onleft>
          <textXOff>62</textXOff>
          <textYOff>16</textYOff>
        </control>
						<control>
          <description>TMDb</description>
          <type>button</type>
          <id>101</id>
          <width>499</width>
          <height>69</height>
          <textureFocus>hiddenmenu_item_selected.png</textureFocus>
          <textureNoFocus>-</textureNoFocus>
          <textcolorNoFocus>ff393939</textcolorNoFocus>          
          <onup>98</onup>
          <ondown>100</ondown>
          <onright>37</onright>
          <onleft>37</onleft>
          <textXOff>62</textXOff>
          <textYOff>16</textYOff>
        </control>
				<control>
          <description>View0</description>
          <type>button</type>
          <id>100</id>
          <width>499</width>
          <height>69</height>
          <textureFocus>hiddenmenu_item_selected.png</textureFocus>
          <textureNoFocus>-</textureNoFocus>
          <textcolorNoFocus>ff393939</textcolorNoFocus>          
          <onup>101</onup>
          <ondown>91</ondown>
          <onright>37</onright>
          <onleft>37</onleft>
          <textXOff>62</textXOff>
          <textYOff>16</textYOff>
        </control>
      </control>
    </control>
  </controls>
</window>